{"cameraMode":{"drawMode":0,"name":"Shaded","section":"Shading Mode"},"sceneLighting":false,"audioPlay":false,"sceneViewState":{"showFog":true,"showMaterialUpdate":false,"showSkybox":true,"showFlares":true,"showImageEffects":true,"showParticleSystems":true},"in2DMode":false,"pivot":{"x":314.8132019042969,"y":172.4995574951172,"z":0.2640131413936615},"rotation":{"x":0.2204696089029312,"y":0.011701008304953576,"z":-0.0026441023219376804,"w":0.9753305315971375},"size":30.802942276000978,"orthographic":false}